1,Ableiges,mairie.ableiges95@wanadoo.fr
2,Aincourt,mairie.aincourt@wanadoo.fr
3,Ambleville,mairie.ambleville@wanadoo.fr
4,Amenucourt,mairie.amenucourt@wanadoo.fr
5,Andilly,mairie.andilly@wanadoo.fr
6,Argenteuil,christian.bournery@ville-argenteuil.fr
7,Arnouville-les-gonesse,webmaster@villedarnouville.com
8,Arronville,arronville@wanadoo.fr
9,Arthies,mairie-arthies-95@wanadoo.fr
10,Asnieres-sur-oise,herve.pellin@ville-asnieres-sur-oise.fr
11,Attainville,mairie@attainville.fr
12,Auvers-sur-oise,communication@auvers-sur-oise.com
13,Avernes,mairie.avernes@orange.fr
14,Baillet-en-france,info@baillet-en-france.fr
15,Banthelu,mairie.banthelu@wanadoo.fr
16,Beauchamp,accueil-mairie@ville-beauchamp.fr
17,Beaumont-sur-oise,beaumont.sg@wanadoo.fr
18,Bellefontaine,mairiebellefontaine2@wanadoo.fr
19,Belloy-en-france,secretariat@mairie-belloy-en-france.fr
20,Bernes-sur-oise,mairiebernes@wanadoo.fr
21,Berville,mairie.de.berville@wanadoo.fr
22,Bessancourt,melody.quesnel@ville-bessancourt.fr
23,Bethemont-la-foret,mairie.bethemont-laforet@wanadoo.fr
24,Bezons,courrier@mairie-bezons.fr
25,Boisemont,commune.boisemont@wanadoo.fr
26,Boissy-l'aillerie,mairie.boissy-laillerie@wanadoo.fr
27,Bonneuil-en-france,bonneuil-en-france95@orange.fr
28,Bouffemont,info@ville-bouffemont.fr
29,Bouqueval,mairiebouqueval@wanadoo.fr
30,Bray-et-lu,mairie.brayetlu@wanadoo.fr
31,Breancon,mairie.breancon@wanadoo.fr
32,Brignancourt,brignancourt@wanadoo.fr
33,Bruyeres-sur-oise,mairie.bruyeres.sur.oise@wanadoo.fr
34,Buhy,mairie.buhy@wanadoo.fr
35,Butry-sur-oise,mairiedebutrysuroise@wanadoo.fr
36,Cergy,contact@ville-cergy.fr
37,Champagne-sur-oise,cjacqueline@villedechampagne.fr 
38,Charmont,mairie.charmont@wanadoo.fr
39,Chars,mairie.chars@wanadoo.fr
40,Chatenay-en-france,""
41,Chaumontel,mairie.chaumontel@wanadoo.fr
42,Chaussy,mairie.chaussy@wanadoo.fr
43,Chauvry,mairie.de.chauvry@wanadoo.fr
44,Chennevieres-les-louvres,mairie.chennevieres@wanadoo.fr
45,Cherence,mairie.cherence@wanadoo.fr
46,Clery-en-vexin,commune-de-clery@wanadoo.fr
47,Commeny,mairiecommeny@wanadoo.fr
48,Condecourt,mairie.condecourt@wanadoo.fr
49,Cormeilles-en-parisis,contact@ville-cormeilles95.fr
50,Cormeilles-en-vexin,mairie-cormeillesenvexin@wanadoo.fr
51,Courcelles-sur-viosne,mairie-courcellessurviosne95@wanadoo.fr
52,Courdimanche,communication@ville-courdimanche.fr
53,Deuil-la-barre,accueil@mairie-deuillabarre.fr
54,Domont,mairiedomont@magic.fr
55,Eaubonne,information@eaubonne.fr
56,Ecouen,contact@ecouen.fr
57,Enghien-les-bains,direction.generale@enghien95.fr
58,Ennery,mairie@ennery.fr
59,Epiais-les-louvres,mairieepiais-leslouvres@wanadoo.fr
60,Epiais-rhus,mairie.epiais-rhus@wanadoo.fr
61,Epinay-champlatreux,mairie.ep.champlatreux@wanadoo.fr
62,Eragny-sur-oise,bureauetconseil@eragny.fr
63,Ermont,mairie@ville-ermont.fr
64,Ezanville,secret.mairie@ezanville.fr
65,Fontenay-en-parisis,mairiefontenay@roissy-online.com
66,Fosses,contact@ville-fosses95.fr
67,Franconville,Communication@ville-franconville.fr
68,Fremainville,fremainville-mairie@wanadoo.fr
69,Fremecourt,mairiefremecourt@orange.fr
70,Frepillon,mairie@frepillon.fr
71,Frouville,mairie-frouville95@wanadoo.fr
72,Gadancourt,mairie-gadancourt@orange.fr
73,Garges-les-gonesse,communication@villedegarges.com
74,Genainville,mairie-genainville@wanadoo.fr
75,Genicourt,mairie.genicourt@wanadoo.fr
76,Gonesse,contact@villaeroport.org
77,Goussainville,maire@ville-goussainville.fr
78,Gouzangrez,mairiedegouzangrez@orange.fr
79,Grisy-les-platres,""
80,Groslay,assistante_du_maire@mairie-groslay.fr 
81,Guiry-en-vexin,mairie.guiry-en-vexin@wanadoo.fr
82,Haravilliers,commune.haravilliers@orange.fr
83,Haute-isle,mairie-hauteisle@wanadoo.fr
84,Hedouville,mairie-hedouville@wanadoo.fr
85,Herblay,mairie@herblay.fr
86,Herouville,mairie@herouville-en-vexin.net
87,Hodent,mairie.hodent@orange.fr
88,Jagny-sous-bois,mairie.jagny-sous-bois@wanadoo.fr
89,Jouy-le-moutier,secretariatgeneral@jouylemoutier.fr
90,Labbeville,mairie@labbeville.fr
91,La-chapelle-en-vexin,la-chapelle-en-vexin@wanadoo.fr
92,La-frette-sur-seine,mairie@ville-la-frette95.fr
93,La-roche-guyon,mairie.larocheguyon@wanadoo.fr
94,Lassy,""
95,Le-bellay-en-vexin,mairie.bellay@wanadoo.fr
96,Le-heaulme,mairie.le.heaulme@cegetel.net
97,Le-mesnil-aubry,mairie.mesnil-aubry@wanadoo.fr
98,Le-perchay,mairie.leperchay@wanadoo.fr
99,Le-plessis-bouchard,mairie@ville-le-plessis-bouchard.fr
100,Le-plessis-gassot,le.plessis.gassot@wanadoo.fr
101,Le-plessis-luzarches,mairieplessisluzarches@orange.fr
102,Le-thillay,p.bezillot@mairie-le-thillay.fr
103,L'isle-adam,m.martin@ville-isle-adam.fr
104,Livilliers,mairie-de-livilliers@wanadoo.fr
105,Longuesse,mairie.longuesse@orange.fr
106,Louvres,communication@ville-louvres.fr
107,Luzarches,v.coquillard@luzarches.net
108,Maffliers,mairie-maffliers@wanadoo.fr
109,Magny-en-vexin,mairie@magny-en-vexin.fr
110,Mareil-en-france,mairie.mareil.france@wanadoo.fr
111,Margency,info@mairie-margency.fr
112,Marines,mairie.marines@wanadoo.fr
113,Marly-la-ville,""
114,Maudetour-en-vexin,mairie.maudetour@wanadoo.fr
115,Menouville,""
116,Menucourt,communication@menucourt.fr
117,Meriel,accueil.mairie@ville-de-meriel.fr
118,Mery-sur-oise,services.administratifs@merysuroise.fr
119,Moisselles,mairie.moisselles@orange.fr
120,Montgeroult,mairie-de-montgeroult@wanadoo.fr
121,Montigny-les-cormeilles,communication@ville-montigny95.fr
122,Montlignon,mairie.montlignon@wanadoo.fr
123,Montmagny,communication@ville-montmagny.fr
124,Montmorency,directiongenerale@ville-montmorency.fr
125,Montreuil-sur-epte,mairiemontreuilept@orange.fr
126,Montsoult,mairie-montsoult@wanadoo.fr
127,Mours,secretaire.mairie.mours@wanadoo.fr
128,Moussy,mairie.de.st.denis.catus@wanadoo.fr
129,Nerville-la-foret,mairie-nerville95@wanadoo.fr
130,Nesles-la-vallee,pontenay@wanadoo.fr
131,Neuilly-en-vexin,""
132,Neuville-sur-oise,affgenerales@neuville-sur-oise.fr
133,Nointel,nointel-mairie@wanadoo.fr
134,Noisy-sur-oise,mairie.de.noisy.sur.oise@wanadoo.fr
135,Nucourt,mairie.nucourt@wanadoo.fr
136,Omerville,Mairie.omerville@orange.fr
137,Osny,communication@ville-osny.fr
138,Parmain,communication@ville-parmain.fr
139,Persan,mairie@ville-persan.fr
140,Pierrelaye,mairie@ville-pierrelaye.fr
141,Piscop,mairie.piscop@wanadoo.fr
142,Pontoise,mairie@ville-pontoise.fr
143,Presles,mairie@ville-presles.fr
144,Puiseux-en-france,vsimil@roissy-online.com
145,Puiseux-pontoise,mairie.puiseux-pontoise.95@wanadoo.fr
146,Roissy-en-france,accueil@ville-roissy95.fr
147,Ronquerolles,mairie.ronquerolles95@wanadoo.fr
148,Sagy,mairie.sagy@wanadoo.fr
149,Saint-brice-sous-foret,info@saintbrice95.fr
150,Saint-clair-sur-epte,mairie-stclairsurepte@orange.fr
151,Saint-cyr-en-arthies,mairie.stcyrenarthies@wanadoo.fr
152,Saint-gervais,mairie.saintgervais@wanadoo.fr
153,Saint-gratien,info@mairie-saintgratien.fr
154,Saint-leu-la-foret,mairie@saint-leu-la-foret.fr
155,Saint-martin-du-tertre,mairiesaintmartindutertre@wanadoo.fr
156,Saint-ouen-l'aumone,courrier@ville-saintouenlaumone.fr
157,Saint-prix,communication@saintprix.fr
158,Saint-witz,mairie@saint-witz.fr
159,Sannois,secretariat.general@sannois.org
160,Santeuil,mairie@santeuil95.fr
161,Sarcelles,comsarcelles@yahoo.fr
162,Seraincourt,mairie.seraincourt95@wanadoo.fr
163,Seugy,mairie.seugy@wanadoo.fr
164,Soisy-sous-montmorency,mairie@soisy-sous-montmorency.fr
165,Survilliers,vincent@roissy-online.com
166,Taverny,mairie@ville-taverny.fr
167,Themericourt,mairie.themericourt@wanadoo.fr
168,Theuville,mairie.theuville.mts@wanadoo.fr
169,Us,mairie.us.95@wanadoo.fr
170,Vallangoujard,secretariat@vallangoujard.fr
171,Valmondois,mairievalmondois@gmail.com
172,Vaudherland,""
173,Vaureal,communication@mairie-vaureal.fr
174,Vemars,sandrine_ravenel@yahoo.fr
175,Vetheuil,mairiedevetheuil@orange.fr
176,Viarmes,ville-viarmes@wanadoo.fr
177,Vienne-en-arthies,mairie.viennearthies@wanadoo.fr
178,Vigny,mairie.vigny@wanadoo.fr
179,Villaines-sous-bois,mairie@villaines-sous-bois.fr
180,Villeron,accueilvilleron@roissy-online.com
181,Villers-en-arthies,mairie.villers@free.fr
182,Villiers-adam,mairie.villiersadam@wanadoo.fr
183,Villiers-le-bel,secretariatgeneral@ville-villiers-le-bel.fr
184,Villiers-le-sec,mairie.villiers-le-sec@wanadoo.fr
185,Wy-dit-joli-village,mairie.wy-dit-joli-village@wanadoo.fr
